id,sku,brand,variant_group,name,price_display,slug
3087,491000S-WT,American Standard,,Nắp bồn cầu đóng êm American Standard 491000S-WT (2530-WT; VF-2530; 2407-WT),860.000đ,nap-bon-cau-dong-em-american-standard-491000s-wt-2530-wt-vf-2530-2407-wt-491000s-wt
3674,580000S-WT,American Standard,,Nắp bồn cầu đóng êm American Standard 580000S-WT (2309-WT),Liên hệ báo giá,nap-bon-cau-dong-em-american-standard-580000s-wt-2309-wt-580000s-wt
3672,61000NS-WT,American Standard,,Nắp bồn cầu đóng êm American Standard 61000NS-WT (2630-WT),Liên hệ báo giá,nap-bon-cau-dong-em-american-standard-61000ns-wt-2630-wt-61000ns-wt
3673,640000S-WT,American Standard,,Nắp bồn cầu đóng êm American Standard 640000S-WT (2007-WT; 2307-WT),Liên hệ báo giá,nap-bon-cau-dong-em-american-standard-640000s-wt-2007-wt-2307-wt-640000s-wt
1004,CSCFA650,American Standard,,Nắp rửa cơ Slim 3 American Standard,1.305.000đ,nap-rua-co-slim-3-american-standard-cscfa650-cscfa650
1215,CTSS1808-1M,American Standard,,Nắp bồn cầu American Standard,864.000đ,nap-bon-cau-american-standard-ctss1808-1m-ctss18081m-ctss1808-1m
3095,CTSS1858-1M,American Standard,,Nắp bồn cầu đóng êm American Standard CTSS1858-1M (VF-1858),1.100.000đ,nap-bon-cau-dong-em-american-standard-ctss1858-1m-vf-1858-ctss1858-1m
1011,M4A839,American Standard,,Nắp rửa cơ American Standard,1.128.000đ,nap-rua-co-american-standard-m4a839-m4a839
3088,SCCNI1518S-WT,American Standard,,Nắp bồn cầu đóng êm American Standard SCCNI1518S-WT (VF-2010; VF-2011),870.000đ,nap-bon-cau-dong-em-american-standard-sccni1518s-wt-vf-2010-vf-2011-sccni1518s-wt
3098,SCVN4500-WT,American Standard,,Nắp bồn cầu American Standard SCVN4500-WT (VF-2397; VF-2398),420.000đ,nap-bon-cau-american-standard-scvn4500-wt-vf-2397-vf-2398-scvn4500-wt
3089,SCVN4800-WT,American Standard,,Nắp bồn cầu đóng êm American Standard SCVN4800-WT (VF-2397SL; VF-2398SL),630.000đ,nap-bon-cau-dong-em-american-standard-scvn4800-wt-vf-2397sl-vf-2398sl-scvn4800-wt
3092,SCVN4900S-WT,American Standard,,Nắp bồn cầu đóng êm American Standard SCVN4900S-WT (VF-2013),700.000đ,nap-bon-cau-dong-em-american-standard-scvn4900s-wt-vf-2013-scvn4900s-wt
1000,SLIM00001-WT,American Standard,,Nắp rửa cơ Slim American Standard SLIM00001-WT,1.058.000đ,nap-rua-co-slim-american-standard-slim00001-wt-slim00001wt-slim00001-wt
1533,WP-7SL1,American Standard,,Nắp điện tử American Standard,7.560.000đ,nap-dien-tu-american-standard-wp-7sl1-wp7sl1-wp-7sl1
3086,WP-7SR1,American Standard,,Nắp điện tử American Standard,8.550.000đ,nap-dien-tu-american-standard-wp-7sr1-wp7sr1-wp-7sr1
3090,WP-C025,American Standard,,Nắp bồn cầu đóng êm American Standard WP-C025 (WP-2025),2.700.000đ,nap-bon-cau-dong-em-american-standard-wp-c025-wp-2025-wp-c025
1197,WP-C119,American Standard,,Nắp đóng êm American Standard CrysralSleek,1.647.000đ,nap-dong-em-american-standard-crysralsleek-wp-c119-wpc119-wp-c119
3091,WP-C119S,American Standard,,Nắp bồn cầu đóng êm American Standard WP-C119S (WP-1880; 2622-WT),2.700.000đ,nap-bon-cau-dong-em-american-standard-wp-c119s-wp-1880-2622-wt-wp-c119s
3099,WP-C162,American Standard,,Nắp bồn cầu đóng êm American Standard WP-C162 (VF-1862; VF-1863; VF-2162),750.000đ,nap-bon-cau-dong-em-american-standard-wp-c162-vf-1862-vf-1863-vf-2162-wp-c162
3093,WP-C630,American Standard,,Nắp bồn cầu đóng êm American Standard WP-C630 (WP-2073),1.500.000đ,nap-bon-cau-dong-em-american-standard-wp-c630-wp-2073-wp-c630
3097,WP-C630S,American Standard,,Nắp bồn cầu đóng êm American Standard WP-C630S (WP-1880N),1.500.000đ,nap-bon-cau-dong-em-american-standard-wp-c630s-wp-1880n-wp-c630s
3888,C1375-1-PW,CAESAR,,Nắp két nước Caesar,283.000đ,nap-ket-nuoc-caesar-c1375-1-pw-c1375-1-pw
1207,M220,CAESAR,,Nắp bồn cầu thường Caesar,229.500đ,nap-bon-cau-thuong-caesar-m220-m220
1213,M221,CAESAR,,Nắp bồn cầu đóng êm Caesar,413.100đ,nap-bon-cau-dong-em-caesar-m221-m221
1210,M232,CAESAR,,Nắp bồn cầu đóng êm Caesar,413.100đ,nap-bon-cau-dong-em-caesar-m232-m232
3100,M233,CAESAR,,Nắp bồn cầu đóng êm Caesar,413.100đ,nap-bon-cau-dong-em-caesar-m233-m233
1214,M243,CAESAR,,Nắp bồn cầu đóng êm Caesar,422.450đ,nap-bon-cau-dong-em-caesar-m243-m243
3103,M245,CAESAR,,Nắp bồn cầu đóng êm Caesar,422.450đ,nap-bon-cau-dong-em-caesar-m245-m245
1211,M256,CAESAR,,Nắp bồn cầu đóng êm Caesar,435.120đ,nap-bon-cau-dong-em-caesar-m256-m256
3101,M260,CAESAR,,Nắp bồn cầu đóng êm Caesar,541.450đ,nap-bon-cau-dong-em-caesar-m260-m260
1209,M282,CAESAR,,Nắp bồn cầu thường Caesar,308.280đ,nap-bon-cau-thuong-caesar-m282-m282
1206,M284,CAESAR,,Nắp bồn cầu thường Caesar,321.300đ,nap-bon-cau-thuong-caesar-m284-m284
1208,MS220,CAESAR,,Nắp bồn cầu đóng êm Caesar,330.650đ,nap-bon-cau-dong-em-caesar-ms220-ms220
1212,MU234,CAESAR,,Nắp bồn cầu đóng êm Caesar,679.150đ,nap-bon-cau-dong-em-caesar-mu234-mu234
3102,MU263,CAESAR,,Nắp bồn cầu đóng êm Caesar,697.850đ,nap-bon-cau-dong-em-caesar-mu263-mu263
3887,T1140-1-PW,CAESAR,,Nắp két nước Caesar,210.000đ,nap-ket-nuoc-caesar-t1140-1-pw-t1140-1-pw
1001,TAF060,CAESAR,,Nắp bồn cầu rửa cơ Caesar,1.436.830đ,nap-bon-cau-rua-co-caesar-taf060-taf060
1191,TAF400H-PW,CAESAR,,Nắp rửa điện tử Caesar TAF400H,5.093.920đ,nap-rua-dien-tu-caesar-taf400h-taf400h-pw-taf400h-pw
1192,TAF512H-PW,CAESAR,,Nắp rửa điện tử Caesar TAF512H,8.839.480đ,nap-rua-dien-tu-caesar-taf512h-taf512h-pw-taf512h-pw
1193,TAF610H-PW,CAESAR,,Nắp rửa điện tử Caesar TAF610H,10.148.320đ,nap-rua-dien-tu-caesar-taf610h-taf610h-pw-taf610h-pw
1194,TAF710H-PW,CAESAR,,Nắp rửa điện tử Caesar TAF710H,7.182.760đ,nap-rua-dien-tu-caesar-taf710h-taf710h-pw-taf710h-pw
3115,C9006,COTTO,,Nắp bàn cầu đóng êm COTTO,1.491.000đ,nap-ban-cau-dong-em-cotto-c9006-c9006
3677,C9007,COTTO,,Nắp bàn cầu đóng êm cho bồn cầu trẻ em COTTO,1.925.000đ,nap-ban-cau-dong-em-cho-bon-cau-tre-em-cotto-c9007-c9007
3108,C90801,COTTO,,Nắp bàn cầu đóng êm COTTO,1.349.000đ,nap-ban-cau-dong-em-cotto-c90801-c90801
3111,C90804,COTTO,,Nắp bàn cầu đóng êm COTTO,1.232.000đ,nap-ban-cau-dong-em-cotto-c90804-c90804
3678,C90841,COTTO,,Nắp bàn cầu đóng êm COTTO,1.655.500đ,nap-ban-cau-dong-em-cotto-c90841-c90841
1217,C91252,COTTO,,Nắp bàn cầu đóng êm COTTO,924.000đ,nap-ban-cau-dong-em-cotto-c91252-c91252
3113,C91253,COTTO,,Nắp bàn cầu đóng êm COTTO,1.078.000đ,nap-ban-cau-dong-em-cotto-c91253-c91253
3110,C9151,COTTO,,Nắp bàn cầu đóng êm COTTO,1.155.000đ,nap-ban-cau-dong-em-cotto-c9151-c9151
3107,C91542,COTTO,,Nắp bàn cầu đóng êm COTTO,1.988.000đ,nap-ban-cau-dong-em-cotto-c91542-c91542
3112,C9154MBK,COTTO,,Nắp bàn cầu đóng êm COTTO,5.625.000đ,nap-ban-cau-dong-em-cotto-c9154mbk-c9154mbk
1216,C9161,COTTO,,Nắp bàn cầu đóng êm COTTO,1.155.000đ,nap-ban-cau-dong-em-cotto-c9161-c9161
3114,C91620,COTTO,,Nắp bàn cầu đóng êm COTTO,1.609.300đ,nap-ban-cau-dong-em-cotto-c91620-c91620
3109,C91831,COTTO,,Nắp bàn cầu đóng êm COTTO,990.000đ,nap-ban-cau-dong-em-cotto-c91831-c91831
3104,C9201,COTTO,,Nắp rửa điện tử COTTO,22.400.000đ,nap-rua-dien-tu-cotto-c9201-c9201
3105,C9203,COTTO,,Nắp rửa điện tử COTTO,16.800.000đ,nap-rua-dien-tu-cotto-c9203-c9203
3106,C9204,COTTO,,Nắp rửa điện tử COTTO,8.670.000đ,nap-rua-dien-tu-cotto-c9204-c9204
1005,CVN92200,COTTO,,Nắp rửa cơ COTTO,2.695.000đ,nap-rua-co-cotto-cvn92200-cvn92200
1006,CVN92201,COTTO,,Nắp rửa cơ COTTO,2.310.000đ,nap-rua-co-cotto-cvn92201-cvn92201
1008,CVN92202,COTTO,,Nắp rửa cơ COTTO,2.769.000đ,nap-rua-co-cotto-cvn92202-cvn92202
1007,CVN92203,COTTO,,Nắp rửa cơ COTTO,2.485.000đ,nap-rua-co-cotto-cvn92203-cvn92203
1009,CVN92204,COTTO,,Nắp rửa cơ COTTO,2.310.000đ,nap-rua-co-cotto-cvn92204-cvn92204
1010,CVN92205,COTTO,,Nắp rửa cơ COTTO,2.310.000đ,nap-rua-co-cotto-cvn92205-cvn92205
3663,101036SH00,GROHE,,Nắp đóng êm Euro Ceramic GROHE,1.908.000đ,nap-dong-em-euro-ceramic-grohe-101036sh00-101036sh00
1195,101330SH00,GROHE,,Nắp bệ ngồi đóng êm Grohe,587.100đ,nap-be-ngoi-dong-em-grohe-101330sh00-101330sh00
4759,14924SH0,GROHE,,Bệ ngồi bồn cầu GROHE,1.950.000đ,be-ngoi-bon-cau-grohe-14924sh0-14924sh0
3659,36490000,GROHE,,Nắp bồn cầu đóng êm BAU OP Grohe,738.227đ,nap-bon-cau-dong-em-bau-op-grohe-36490000-36490000
3661,39330000,GROHE,,Nắp bồn cầu đóng êm Euro Ceramic Grohe,2.436.875đ,nap-bon-cau-dong-em-euro-ceramic-grohe-39330000-39330000
3664,39330001,GROHE,,Nắp bồn cầu đóng êm Euro Ceramic GROHE 39330001,2.314.100đ,nap-bon-cau-dong-em-euro-ceramic-grohe-39330001
3668,39330002,GROHE,,Nắp bồn cầu đóng êm Euro Ceramic GROHE,1.360.000đ,nap-bon-cau-dong-em-euro-ceramic-grohe-39330002-39330002
3665,39331001,GROHE,,Nắp bồn cầu đóng êm Euro Ceramic GROHE,1.976.202đ,nap-bon-cau-dong-em-euro-ceramic-grohe-39331001-39331001
3662,39384L00,GROHE,,Nắp bồn cầu điện tử GROHE,12.936.000đ,nap-bon-cau-dien-tu-grohe-39384l00-39384l00
3660,39458000,GROHE,,Nắp bồn cầu Grohe 34958000,2.116.405đ,nap-bon-cau-grohe-34958000-39458000
3666,39488000,GROHE,,Nắp bồn cầu đóng êm Cube Ceramic GROHE,3.264.000đ,nap-bon-cau-dong-em-cube-ceramic-grohe-39488000-39488000
3667,39493000,GROHE,,Nắp bồn cầu đóng êm Bau Ceramic GROHE,2.386.800đ,nap-bon-cau-dong-em-bau-ceramic-grohe-39493000-39493000
1013,39557SH0,GROHE,,Nắp rửa cơ GROHE,4.329.031đ,nap-rua-co-grohe-39557sh0-39557sh0
3658,39577000,GROHE,,Nắp bồn cầu đóng êm Essence GROHE,3.723.000đ,nap-bon-cau-dong-em-essence-grohe-39577000-39577000
3669,39577001,GROHE,,Nắp bồn cầu đóng êm Essence GROHE,1.428.000đ,nap-bon-cau-dong-em-essence-grohe-39577001-39577001
3670,49506000,GROHE,,Nắp và bệ ngồi bồn cầu GROHE,3.012.400đ,nap-va-be-ngoi-bon-cau-grohe-49506000-49506000
3671,49508000,GROHE,,Nắp và bệ ngồi bồn cầu GROHE,2.040.000đ,nap-va-be-ngoi-bon-cau-grohe-49508000-49508000
3868,A-T1017VR-1/BW1,INAX,,Nắp két nước INAX,510.000đ,nap-ket-nuoc-inax-a-t1017vr-1bw1-a-t1017vr-1bw1
3861,A-T1035V-1/BW1,INAX,,Nắp két nước INAX,1.200.000đ,nap-ket-nuoc-inax-a-t1035v-1bw1-a-t1035v-1bw1
3870,A-T108VA-1/BW1,INAX,,Nắp két nước INAX,330.000đ,nap-ket-nuoc-inax-a-t108va-1bw1-a-t108va-1bw1
3869,A-T117VA-1/BW1,INAX,,Nắp két nước INAX,250.000đ,nap-ket-nuoc-inax-a-t117va-1bw1-a-t117va-1bw1
3871,A-T504VA-1/BW1,INAX,,Nắp két nước INAX,330.000đ,nap-ket-nuoc-inax-a-t504va-1bw1-a-t504va-1bw1
3185,CF-1008VS/BW1,INAX,,Nắp bồn cầu INAX,2.270.000đ,nap-bon-cau-inax-cf-1008vsbw1-cf-1008vsbw1
1311,CF-1032VS/BW1,INAX,,Nắp đóng êm INAX,1.926.000đ,nap-dong-em-inax-cf-1032vsbw1-cf-1032vsbw1
1306,CF-2700VS/BW1,INAX,,Nắp bồn cầu đóng êm INAX CF-2700VS (CF2700VS),1.963.800đ,nap-bon-cau-dong-em-inax-cf-2700vs-cf2700vs-cf-2700vsbw1
3190,CF-3003VS/BW1,INAX,,Nắp bồn cầu INAX,1.872.000đ,nap-bon-cau-inax-cf-3003vsbw1-cf-3003vsbw1
1303,CF-37AKV/BW1,INAX,,Nắp bồn cầu đóng thường INAX CF-37AKV (CF37AKV),388.740đ,nap-bon-cau-dong-thuong-inax-cf-37akv-cf37akv-cf-37akvbw1
1302,CF-37VSAK/BW1,INAX,,Nắp bồn cầu đóng êm INAX CF-37VSAK (CF37VSAK),568.420đ,nap-bon-cau-dong-em-inax-cf-37vsak-cf37vsak-cf-37vsakbw1
1220,CF-500VS/BW1,INAX,,Nắp bồn cầu đóng êm INAX CF-500VS (CF500VS),677.760đ,nap-bon-cau-dong-em-inax-cf-500vs-cf500vs-cf-500vsbw1
1312,CF-502VS/BW1,INAX,,Nắp đóng êm INAX,1.113.000đ,nap-dong-em-inax-cf-502vsbw1-cf-502vsbw1
1305,CF-57AKV/BW1,INAX,,Nắp bồn cầu đóng thường INAX CF-57AKV (CF57AKV),408.270đ,nap-bon-cau-dong-thuong-inax-cf-57akv-cf57akv-cf-57akvbw1
1304,CF-57VSAK/BW1,INAX,,Nắp bồn cầu đóng êm INAX CF-57VSAK (CF57VSAK),548.050đ,nap-bon-cau-dong-em-inax-cf-57vsak-cf57vsak-cf-57vsakbw1
3188,CF-600VS/BW1,INAX,,Nắp đóng êm INAX,696.000đ,nap-dong-em-inax-cf-600vsbw1-cf-600vsbw1
1309,CF-602VS/BW1,INAX,,Nắp bồn cầu đóng êm INAX CF-602VS (CF602VS),1.475.620đ,nap-bon-cau-dong-em-inax-cf-602vs-cf602vs-cf-602vsbw1
1310,CF-606VS/BW1,INAX,,Nắp bồn cầu đóng êm INAX CF-606VS (CF606VS),763.680đ,nap-bon-cau-dong-em-inax-cf-606vs-cf606vs-cf-606vsbw1
1219,CF-700VS/BW1,INAX,,Nắp bồn cầu đóng êm INAX CF-700VS (CF700VS),885.480đ,nap-bon-cau-dong-em-inax-cf-700vs-cf700vs-cf-700vsbw1
3186,CF-800VS/BW1,INAX,,Nắp đóng êm INAX,880.000đ,nap-dong-em-inax-cf-800vsbw1-cf-800vsbw1
1307,CF-832VS/BW1,INAX,,Nắp bồn cầu đóng êm INAX CF-832VS (CF832VS),1.367.100đ,nap-bon-cau-dong-em-inax-cf-832vs-cf832vs-cf-832vsbw1
3189,CF-900VS/BW1,INAX,,Nắp đóng êm INAX,1.020.000đ,nap-dong-em-inax-cf-900vsbw1-cf-900vsbw1
3187,CF-918VS/BW1,INAX,,Nắp đóng êm INAX,1.460.000đ,nap-dong-em-inax-cf-918vsbw1-cf-918vsbw1
3184,CF-952VS/BW1,INAX,,Nắp đóng êm INAX,2.642.000đ,nap-dong-em-inax-cf-952vsbw1-cf-952vsbw1
1308,CF-99AT/BW1,INAX,,Nắp bồn cầu đóng êm INAX CF-99AT (CF99AT),1.567.020đ,nap-bon-cau-dong-em-inax-cf-99at-cf99at-cf-99atbw1
1200,CW-H17VN/BW1,INAX,,Nắp rửa điện tử thông minh INAX CW-H17VN (CWH17VN),6.430.740đ,nap-rua-dien-tu-thong-minh-inax-cw-h17vn-cwh17vn-cw-h17vnbw1
1201,CW-H18VN/BW1,INAX,,Nắp rửa điện tử thông minh INAX CW-H18VN (CWH18VN),7.035.750đ,nap-rua-dien-tu-thong-minh-inax-cw-h18vn-cwh18vn-cw-h18vnbw1
1301,CW-H20VN/BW1,INAX,,Nắp rửa điện tử INAX CW-H20VN (CWH20VN),16.161.420đ,nap-rua-dien-tu-inax-cw-h20vn-cwh20vn-cw-h20vnbw1
1202,CW-KA22AVN/BW1,INAX,,Nắp rửa điện tử INAX thông minh CW-KA22AVN (CWKA22AVN),18.434.040đ,nap-rua-dien-tu-inax-thong-minh-cw-ka22avn-cwka22avn-cw-ka22avnbw1
1203,CW-KB22AVN/BW1,INAX,,Nắp rửa điện tử INAX thông minh CW-KB22AVN (CWKB22AVN),12.484.800đ,nap-rua-dien-tu-inax-thong-minh-cw-kb22avn-cwkb22avn-cw-kb22avnbw1
1002,CW-S15VN/BW1,INAX,,Nắp rửa cơ INAX CW-S15VN (CWS15VN),1.621.400đ,nap-rua-co-inax-cw-s15vn-cws15vn-cw-s15vnbw1
1003,CW-S32VN/BW1,INAX,,Nắp rửa cơ INAX CW-S32VN (CWS32VN)(-1),2.099.500đ,nap-rua-co-inax-cw-s32vn-cws32vn-1-cw-s32vnbw1
3863,FR.A-T989V-1,INAX,,Nắp két nước INAX,550.000đ,nap-ket-nuoc-inax-fra-t989v-1-fra-t989v-1
3899,SW2070,MOEN,,Nắp bồn cầu điện tử MOEN,12.740.000đ,nap-bon-cau-dien-tu-moen-sw2070-sw2070
3900,SW2221,MOEN,,Nắp bồn cầu điện tử MOEN,19.369.000đ,nap-bon-cau-dien-tu-moen-sw2221-sw2221
4590,HH05500#NW1,TOTO,,Nắp che bên phải TOTO HH05500#NW1 (CS921VT),1.060.000đ,nap-che-ben-phai-toto-hh05500nw1-cs921vt-hh05500nw1
1994,MB170P#WH,TOTO,,Nắp đậy nút xả TOTO MB170P,717.120đ,nap-day-nut-xa-toto-mb170p-mb170pwh
1997,MB171M#SS,TOTO,,Nắp đậy nút xả TOTO MB171M,2.466.400đ,nap-day-nut-xa-toto-mb171m-mb171mss
1995,MB174P#WH,TOTO,,Nắp đậy nút xả TOTO MB174P,691.200đ,nap-day-nut-xa-toto-mb174p-mb174pwh
1998,MB175M#SS,TOTO,,Nắp đậy nút xả thép không gỉ TOTO MB175M,2.558.890đ,nap-day-nut-xa-thep-khong-gi-toto-mb175m-mb175mss
1996,MB176G#WH,TOTO,,Nắp đậy nút xả TOTO MB176G,4.720.800đ,nap-day-nut-xa-toto-mb176g-mb176gwh
3838,SHXCP407,TOTO,,Đế Washlet đa năng TOTO,432.000đ,de-washlet-da-nang-toto-shxcp407-shxcp407
1221,TC384CVK#W,TOTO,,Nắp bồn cầu đóng êm TOTO TC384CVK#W (CS761D; CS761P),3.126.400đ,nap-bon-cau-dong-em-toto-tc384cvkw-cs761d-cs761p-tc384cvkw
1199,TC385VS#W,TOTO,,Nắp bồn cầu đóng êm TOTO TC385VS (T3),708.400đ,nap-bon-cau-dong-em-toto-tc385vs-t3-tc385vsw
1198,TC393VS#W,TOTO,,Nắp bồn cầu đóng êm TOTO TC393VS (T2),1.264.110đ,nap-bon-cau-dong-em-toto-tc393vs-t2-tc393vsw
1218,TC395VS#W,TOTO,,Nắp bồn cầu đóng êm TOTO TC395VS (T10),708.400đ,nap-bon-cau-dong-em-toto-tc395vs-t10-tc395vsw
1223,TC512A,TOTO,,Nắp bồn cầu đóng êm TOTO TC512A (CW522A),9.370.400đ,nap-bon-cau-dong-em-toto-tc512a-cw522a-tc512a
1222,TC513A,TOTO,,Nắp bồn cầu đóng êm TOTO TC513A (CW542ME5U),9.370.400đ,nap-bon-cau-dong-em-toto-tc513a-cw542me5u-tc513a
1205,TC600VS#W,TOTO,,Nắp bồn cầu đóng êm TOTO TC600VS (T8),1.264.110đ,nap-bon-cau-dong-em-toto-tc600vs-t8-tc600vsw
4591,TC6040S-366V#W,TOTO,,Nắp và bệ ngồi TOTO TC6040S-366V#W (MS366),4.457.000đ,nap-va-be-ngoi-toto-tc6040s-366vw-ms366-tc6040s-366vw
1299,TCF23410AAA#NW1,TOTO,,Nắp bồn cầu thông minh Washlet C2 TOTO TCF23410AAA (W16),12.894.000đ,nap-bon-cau-thong-minh-washlet-c2-toto-tcf23410aaa-w16-tcf23410aaanw1
1298,TCF23460AAA#NW1,TOTO,,Nắp bồn cầu thông minh Washlet C2 TOTO TCF23460AAA (W17) dành cho bồn cầu giấu dây,12.894.000đ,nap-bon-cau-thong-minh-washlet-c2-toto-tcf23460aaa-w17-danh-cho-bon-cau-giau-day-tcf23460aaanw1
1196,TCF23710AAA#NW1,TOTO,,Nắp bồn cầu thông minh TOTO TCF23710AAA (W18) Washlet C2 cơ bản,6.715.740đ,nap-bon-cau-thong-minh-toto-tcf23710aaa-w18-washlet-c2-co-ban-tcf23710aaanw1
1295,TCF24410AAA#NW1,TOTO,,Nắp bồn cầu thông minh Washlet C5 TOTO TCF24410AAA (W14),18.961.500đ,nap-bon-cau-thong-minh-washlet-c5-toto-tcf24410aaa-w14-tcf24410aaanw1
1294,TCF24460AAA#NW1,TOTO,,Nắp bồn cầu thông minh Washlet C5 TOTO TCF24460AAA (W15) dành cho bồn cầu giấu dây,18.961.500đ,nap-bon-cau-thong-minh-washlet-c5-toto-tcf24460aaa-w15-danh-cho-bon-cau-giau-day-tcf24460aaanw1
1296,TCF33320GAA#NW1,TOTO,,Nắp bồn cầu thông minh Washlet S2 TOTO TCF33320GAA,19.047.200đ,nap-bon-cau-thong-minh-washlet-s2-toto-tcf33320gaa-tcf33320gaanw1
1297,TCF33370GAA#NW1,TOTO,,Nắp bồn cầu thông minh Washlet S2 TOTO TCF33370GAA dành cho bồn cầu giấu dây,19.047.200đ,nap-bon-cau-thong-minh-washlet-s2-toto-tcf33370gaa-danh-cho-bon-cau-giau-day-tcf33370gaanw1
1593,TCF33461GAA#NW1,TOTO,,Nắp bồn cầu thông minh Washlet S2 TOTO TCF33461GAA (W24),13.753.600đ,nap-bon-cau-thong-minh-washlet-s2-toto-tcf33461gaa-w24-tcf33461gaanw1
1292,TCF34320GAA#NW1,TOTO,,Nắp bồn cầu thông minh Washlet S5 TOTO TCF34320GAA,25.967.200đ,nap-bon-cau-thong-minh-washlet-s5-toto-tcf34320gaa-tcf34320gaanw1
1594,TCF34461GAA#NW1,TOTO,,Nắp bồn cầu thông minh Washlet S5 TOTO TCF34461GAA (W25),20.225.600đ,nap-bon-cau-thong-minh-washlet-s5-toto-tcf34461gaa-w25-tcf34461gaanw1
1293,TCF34570GAA#NW1,TOTO,,Nắp bồn cầu thông minh Washlet S5 TOTO TCF34570GAA dành cho bồn cầu giấu dây,25.967.200đ,nap-bon-cau-thong-minh-washlet-s5-toto-tcf34570gaa-danh-cho-bon-cau-giau-day-tcf34570gaanw1
1300,TCF47360GAA#NW1,TOTO,,Nắp rửa điện tử Washlet S7 TOTO TCF47360GAA (W23),30.240.210đ,nap-rua-dien-tu-washlet-s7-toto-tcf47360gaa-w23-tcf47360gaanw1
1291,TCF4911EZ#NW1,TOTO,,Nắp rửa điện tử Washlet S7 TOTO TCF4911EZ (W12) dành cho bồn cầu giấu dây,30.569.600đ,nap-rua-dien-tu-washlet-s7-toto-tcf4911ez-w12-danh-cho-bon-cau-giau-day-tcf4911eznw1
1204,TCF4911Z#NW1,TOTO,,Nắp rửa điện tử Washlet S7 TOTO TCF4911Z (W11),30.569.600đ,nap-rua-dien-tu-washlet-s7-toto-tcf4911z-w11-tcf4911znw1
4585,TCM10717,TOTO,,Đế Washlet đa năng TOTO,358.440đ,de-washlet-da-nang-toto-tcm10717-tcm10717
774,TCW07S#W,TOTO,,Nắp bồn cầu rửa cơ Eco washer TOTO TCW07S (E2),3.843.750đ,nap-bon-cau-rua-co-eco-washer-toto-tcw07s-e2-tcw07sw
776,TCW09S#W,TOTO,,Nắp bồn cầu rửa cơ TOTO TCW09S (E5) 2 chế độ rửa trước & sau,7.241.600đ,nap-bon-cau-rua-co-toto-tcw09s-e5-2-che-do-rua-truoc-sau-tcw09sw
775,TCW1211A#NW1,TOTO,,Nắp rửa cơ Eco washer TOTO TCW1211A (E4) 2 chế độ rửa trước & sau,5.721.750đ,nap-rua-co-eco-washer-toto-tcw1211a-e4-2-che-do-rua-truoc-sau-tcw1211anw1