Variant Group,ID,SKU,Product Name
"C971",696,"C971#XW/TCF9433A#NW1","Bồn cầu TOTO C971 kèm TCF9433A"
,,,
"CS300",681,"CS300DT3Y1#W","Bồn cầu 2 khối TOTO CS300DT3Y1 kèm TC385VS"
,,,
"CS302",5676,"CS302DE2#W","Bồn cầu 2 khối TOTO CS302DE2 kèm nắp rửa cơ Ecowasher TCW07S"
"CS302",5675,"CS302DE4#W","Bồn cầu 2 khối TOTO CS302DE4 kèm nắp rửa cơ Ecowasher TCW1211A"
"CS302",5655,"CS302DT10#W","Bồn cầu 2 khối TOTO CS302DT10 kèm nắp đóng êm TC395VS"
"CS302",5647,"CS302DT3#W","Bồn cầu 2 khối TOTO CS302DT3 kèm nắp đóng êm TC385VS"
"CS302",5864,"CS302DW11#W","Bồn cầu 2 khối TOTO CS302DW11 kèm nắp rửa điện tử Washlet S7 TCF4911Z"
"CS302",5663,"CS302DW14#W","Bồn cầu 2 khối TOTO CS302DW14 kèm nắp rửa điện tử Washlet C5 TCF24410AAA"
"CS302",5665,"CS302DW16#W","Bồn cầu 2 khối TOTO CS302DW16 kèm nắp rửa điện tử Washlet C2 TCF23410AAA"
"CS302",5693,"CS302DW18#W","Bồn cầu 2 khối TOTO CS302DW18 kèm nắp rửa điện tử Washlet C2 TCF23710AAA"
,,,
"CS320",677,"CS320DRT3#W","Bồn cầu 2 khối TOTO CS320DRT3 kèm nắp đóng êm TC385VS"
,,,
"CS325",678,"CS325DRT3#W","Bồn cầu 2 khối TOTO CS325DRT3 kèm nắp đóng êm TC385VS"
,,,
"CS326",5673,"CS326DE2#XW","Bồn cầu 2 khối TOTO CS326DE2 kèm nắp rửa cơ Ecowasher TCW07S"
"CS326",5674,"CS326DE4#XW","Bồn cầu 2 khối TOTO CS326DE4 kèm nắp rửa cơ Ecowasher TCW1211A"
"CS326",5653,"CS326DT10#XW","Bồn cầu 2 khối TOTO CS326DT10 kèm nắp đóng êm TC395VS"
"CS326",5646,"CS326DT3#XW","Bồn cầu 2 khối TOTO CS326DT3 kèm nắp đóng êm TC385VS"
"CS326",5863,"CS326DW11#XW","Bồn cầu 2 khối TOTO CS326DW11 kèm nắp rửa điện tử Washlet S7 TCF4911Z"
"CS326",5662,"CS326DW14#XW","Bồn cầu 2 khối TOTO CS326DW14 kèm nắp rửa điện tử Washlet C5 TCF24410AAA"
"CS326",5664,"CS326DW16#XW","Bồn cầu 2 khối TOTO CS326DW16 kèm nắp rửa điện tử Washlet C2 TCF23410AAA"
"CS326",5692,"CS326DW18#XW","Bồn cầu 2 khối TOTO CS326DW18 kèm nắp rửa điện tử Washlet C2 TCF23710AAA"
,,,
"CS735",1267,"CS735DE2#XW","Bồn cầu 2 khối TOTO CS735DE2 kèm nắp rửa cơ Ecowasher TCW07S"
"CS735",1268,"CS735DE4#XW","Bồn cầu 2 khối TOTO CS735DE4 kèm nắp rửa cơ Ecowasher TCW1211A"
"CS735",5652,"CS735DT10#XW","Bồn cầu 2 khối TOTO CS735DT10 kèm nắp đóng êm TC395VS"
"CS735",5534,"CS735DT2#XW","Bồn cầu 2 khối TOTO CS735DT2 kèm nắp đóng êm TC393VS"
"CS735",5533,"CS735DT3#XW","Bồn cầu 2 khối TOTO CS735DT3 kèm nắp đóng êm TC385VS"
"CS735",5535,"CS735DT8#XW","Bồn cầu 2 khối TOTO CS735DT8 kèm nắp đóng êm TC600VS"
"CS735",5854,"CS735DW11#XW","Bồn cầu 2 khối TOTO CS735DW11 kèm nắp rửa điện tử Washlet S7 TCF4911Z"
"CS735",5585,"CS735DW14#XW","Bồn cầu 2 khối TOTO CS735DW14 kèm nắp rửa điện tử Washlet C5 TCF24410AAA"
"CS735",5657,"CS735DW16#XW","Bồn cầu 2 khối TOTO CS735DW16 kèm nắp rửa điện tử Washlet C2 TCF23410AAA"
,,,
"CS767",688,"CS767CRW12#XW","Bồn cầu 2 khối TOTO CS767CRW12 kèm nắp rửa điện tử Washlet S7 TCF4911EZ giấu dây"
"CS767",5582,"CS767CRW15#XW","Bồn cầu 2 khối TOTO CS767CRW15 kèm nắp rửa điện tử Washlet C5 TCF24460AAA giấu dây"
"CS767",5635,"CS767CRW17#XW","Bồn cầu 2 khối TOTO CS767CRW17 kèm nắp rửa điện tử Washlet C2 TCF23460AAA giấu dây"
"CS767",5728,"CS767CRW23#XW","Bồn cầu 2 khối TOTO CS767CRW23 kèm nắp rửa điện tử Washlet S7 TCF47360GAA giấu dây"
"CS767",5787,"CS767CRW24#XW","Bồn cầu 2 khối TOTO CS767CRW24 kèm nắp rửa điện tử Washlet S2 TCF33461GAA giấu dây"
"CS767",5783,"CS767CRW25#XW","Bồn cầu 2 khối TOTO CS767CRW25 kèm nắp rửa điện tử Washlet S5 TCF34461GAA giấu dây"
"CS767",691,"CS767RE2#XW","Bồn cầu 2 khối TOTO CS767RE2 kèm nắp rửa cơ Ecowasher TCW07S"
"CS767",692,"CS767RE4#XW","Bồn cầu 2 khối TOTO CS767RE4 kèm nắp rửa cơ Ecowasher TCW1211A"
"CS767",5651,"CS767RT10#XW","Bồn cầu 2 khối TOTO CS767RT10 kèm nắp đóng êm TC395VS"
"CS767",687,"CS767RT2#XW","Bồn cầu 2 khối TOTO CS767RT2 kèm nắp đóng êm TC393VS"
"CS767",690,"CS767RT3#XW","Bồn cầu 2 khối TOTO CS767RT3 kèm nắp đóng êm TC385VS"
"CS767",686,"CS767RT8#XW","Bồn cầu 2 khối TOTO CS767RT8 kèm nắp đóng êm TC600VS"
"CS767",689,"CS767RW11#XW","Bồn cầu 2 khối TOTO CS767RW11 kèm nắp rửa điện tử Washlet S7 TCF4911Z"
"CS767",5586,"CS767RW14#XW","Bồn cầu 2 khối TOTO CS767RW14 kèm nắp rửa điện tử Washlet C5 TCF24410AAA"
"CS767",5630,"CS767RW16#XW","Bồn cầu 2 khối TOTO CS767RW16 kèm nắp rửa điện tử Washlet C2 TCF23410AAA"
"CS767",5695,"CS767RW18#XW","Bồn cầu 2 khối TOTO CS767RW18 kèm nắp rửa điện tử Washlet C2 TCF23710AAA"
"CS767",5789,"CS767RW24#XW","Bồn cầu 2 khối TOTO CS767RW24 kèm nắp rửa điện tử Washlet S2 TCF33461GAA"
"CS767",5808,"CS767RW25#XW","Bồn cầu 2 khối TOTO CS767RW25 kèm nắp rửa điện tử Washlet S5 TCF34461GAA"
,,,
"CS769",1245,"CS769CDRW12#XW","Bồn cầu 2 khối TOTO CS769CDRW12 kèm nắp rửa điện tử Washlet S7 TCF4911EZ giấu dây"
"CS769",5581,"CS769CDRW15#XW","Bồn cầu 2 khối TOTO CS769CDRW15 kèm nắp rửa điện tử Washlet C5 TCF24460AAA giấu dây"
"CS769",5636,"CS769CDRW17#XW","Bồn cầu 2 khối TOTO CS769CDRW17 kèm nắp rửa điện tử Washlet C2 TCF23460AAA giấu dây"
"CS769",5729,"CS769CDRW23#XW","Bồn cầu 2 khối TOTO CS769CDRW23 kèm nắp rửa điện tử Washlet S7 TCF47360GAA giấu dây"
"CS769",5788,"CS769CDRW24#XW","Bồn cầu 2 khối TOTO CS769CDRW24 kèm nắp rửa điện tử Washlet S2 TCF33461GAA giấu dây"
"CS769",5784,"CS769CDRW25#XW","Bồn cầu 2 khối TOTO CS769CDRW25 kèm nắp rửa điện tử Washlet S5 TCF34461GAA giấu dây"
"CS769",1269,"CS769DRE2#XW","Bồn cầu 2 khối TOTO CS769DRE2 kèm nắp rửa cơ Ecowasher TCW07S"
"CS769",1274,"CS769DRE4#XW","Bồn cầu 2 khối TOTO CS769DRE4 kèm nắp rửa cơ Ecowasher TCW1211A"
"CS769",5650,"CS769DRT10#XW","Bồn cầu 2 khối TOTO CS769DRT10 kèm nắp đóng êm TC395VS"
"CS769",5538,"CS769DRT2#XW","Bồn cầu 2 khối TOTO CS769DRT2 kèm nắp đóng êm TC393VS"
"CS769",5541,"CS769DRT3#XW","Bồn cầu 2 khối TOTO CS769DRT3 kèm nắp đóng êm TC385VS"
"CS769",5540,"CS769DRT8#XW","Bồn cầu 2 khối TOTO CS769DRT8 kèm nắp đóng êm TC600VS"
"CS769",1248,"CS769DRW11#XW","Bồn cầu 2 khối TOTO CS769DRW11 kèm nắp rửa điện tử Washlet S7 TCF4911Z"
"CS769",5583,"CS769DRW14#XW","Bồn cầu 2 khối TOTO CS769DRW14 kèm nắp rửa điện tử Washlet C5 TCF24410AAA"
"CS769",5629,"CS769DRW16#XW","Bồn cầu 2 khối TOTO CS769DRW16 kèm nắp rửa điện tử Washlet C2 TCF23410AAA"
"CS769",5691,"CS769DRW18#XW","Bồn cầu 2 khối TOTO CS769DRW18 kèm nắp rửa điện tử Washlet C2 TCF23710AAA"
"CS769",5790,"CS769DRW24#XW","Bồn cầu 2 khối TOTO CS769DRW24 kèm nắp rửa điện tử Washlet S2 TCF33461GAA"
"CS769",5809,"CS769DRW25#XW","Bồn cầu 2 khối TOTO CS769DRW25 kèm nắp rửa điện tử Washlet S5 TCF34461GAA"
,,,
"CS838",1249,"CS838CDW12#XW","Bồn cầu 2 khối TOTO CS838CDW12 kèm nắp rửa điện tử Washlet S7 TCF4911EZ giấu dây"
"CS838",5576,"CS838CDW15#XW","Bồn cầu 2 khối TOTO CS838CDW15 kèm nắp rửa điện tử Washlet C5 TCF24460AAA giấu dây"
"CS838",5634,"CS838CDW17#XW","Bồn cầu 2 khối TOTO CS838CDW17 kèm nắp rửa điện tử Washlet C2 TCF23460AAA giấu dây"
"CS838",5726,"CS838CDW23#XW","Bồn cầu 2 khối TOTO CS838CDW23 kèm nắp rửa điện tử Washlet S7 TCF47360GAA giấu dây"
"CS838",5786,"CS838CDW24#XW","Bồn cầu 2 khối TOTO CS838CDW24 kèm nắp rửa điện tử Washlet S2 TCF33461GAA giấu dây"
"CS838",5782,"CS838CDW25#XW","Bồn cầu 2 khối TOTO CS838CDW25 kèm nắp rửa điện tử Washlet S5 TCF34461GAA giấu dây"
"CS838",1275,"CS838DE2#XW","Bồn cầu 2 khối TOTO CS838DE2 kèm nắp rửa cơ Ecowasher TCW07S"
"CS838",1276,"CS838DE4#XW","Bồn cầu 2 khối TOTO CS838DE4 kèm nắp rửa cơ Ecowasher TCW1211A"
"CS838",5648,"CS838DT10#XW","Bồn cầu 2 khối TOTO CS838DT10 kèm nắp đóng êm TC395VS"
"CS838",5554,"CS838DT2#XW","Bồn cầu 2 khối TOTO CS838DT2 kèm nắp đóng êm TC393VS"
"CS838",5553,"CS838DT3#XW","Bồn cầu 2 khối TOTO CS838DT3 kèm nắp đóng êm TC385VS"
"CS838",5555,"CS838DT8#XW","Bồn cầu 2 khối TOTO CS838DT8 kèm nắp đóng êm TC600VS"
"CS838",1250,"CS838DW11#XW","Bồn cầu 2 khối TOTO CS838DW11 kèm nắp rửa điện tử Washlet S7 TCF4911Z"
"CS838",5575,"CS838DW14#XW","Bồn cầu 2 khối TOTO CS838DW14 kèm nắp rửa điện tử Washlet C5 TCF24410AAA"
"CS838",5631,"CS838DW16#XW","Bồn cầu 2 khối TOTO CS838DW16 kèm nắp rửa điện tử Washlet C2 TCF23410AAA"
"CS838",5690,"CS838DW18#XW","Bồn cầu 2 khối TOTO CS838DW18 kèm nắp rửa điện tử Washlet C2 TCF23710AAA"
"CS838",5791,"CS838DW24#XW","Bồn cầu 2 khối TOTO CS838DW24 kèm nắp rửa điện tử Washlet S2 TCF33461GAA"
"CS838",5810,"CS838DW25#XW","Bồn cầu 2 khối TOTO CS838DW25 kèm nắp rửa điện tử Washlet S5 TCF34461GAA"
,,,
"CS900",5587,"CS900KVT#NW1/T53P100VR","Bồn cầu thông minh Neorest TOTO CS900KVT (T53P100VR)"
"CS900",5607,"CS900VT#NW1/T53P100VR","Bồn cầu thông minh Neorest TOTO CS900VT (T53P100VR)"
,,,
"CS901",5588,"CS901KVT#NW1/T53P100VR","Bồn cầu thông minh Neorest TOTO CS901KVT (T53P100VR)"
"CS901",5589,"CS901VT#NW1/T53P100VR","Bồn cầu thông minh Neorest TOTO CS901VT (T53P100VR)"
,,,
"CS902",5732,"CS902VT#NW1/T53P100VR","Bồn cầu thông minh Neorest TOTO CS902VT (T53P100VR)"
,,,
"CS903",5731,"CS903KVT#NW1/T53P100VR","Bồn cầu thông minh Neorest TOTO CS903KVT (T53P100VR)"
,,,
"CS911",5685,"CS911VT#NW1/TCF87120GAA#NW1/T53P100VR","Bồn cầu thông minh Neorest TOTO CS911VT (T53P100VR)"
"CS911",5683,"CS911VT#NW1/TCF87220GAA#NW1/T53P100VR","Bồn cầu thông minh Neorest TOTO CS911VT (T53P100VR)"
"CS911",5684,"CS911VT#NW1/TCF87320GAA#NW1/T53P100VR","Bồn cầu thông minh Neorest TOTO CS911VT (T53P100VR)"
,,,
"CS921",5681,"CS921VT#NW1/TCF83410GAA#NW1/T53P100VR","Bồn cầu thông minh Neorest TOTO CS921VT (T53P100VR)"
"CS921",5682,"CS921VT#NW1/TCF85510GAA#NW1/T53P100VR","Bồn cầu thông minh Neorest TOTO CS921VT (T53P100VR)"
,,,
"CS945",685,"CS945DNT2#XW","Bồn cầu 2 khối TOTO CS945DNT2 kèm nắp đóng êm TC393VS"
"CS945",679,"CS945DNT3#XW","Bồn cầu 2 khối TOTO CS945DNT3 kèm nắp đóng êm TC385VS"
"CS945",684,"CS945DNT8#XW","Bồn cầu 2 khối TOTO CS945DNT8 kèm nắp đóng êm TC600VS"
"CS945",5741,"CS945PDE2#XW","Bồn cầu 2 khối TOTO CS945PDE2 kèm nắp rửa cơ Ecowasher TCW07S"
"CS945",5740,"CS945PDE4#XW","Bồn cầu 2 khối TOTO CS945PDE4 kèm nắp rửa cơ Ecowasher TCW1211A"
"CS945",5656,"CS945PDT10#XW","Bồn cầu 2 khối TOTO CS945PDT10 kèm nắp đóng êm TC395VS"
"CS945",5747,"CS945PDT2#XW","Bồn cầu 2 khối TOTO CS945PDT2 kèm TC393VS"
"CS945",5739,"CS945PDT3#XW","Bồn cầu 2 khối TOTO CS945PDT3 kèm nắp đóng êm TC385VS"
"CS945",5748,"CS945PDT8#XW","Bồn cầu 2 khối TOTO CS945PDT8 kèm TC600VS"
"CS945",5866,"CS945PDW11#XW","Bồn cầu 2 khối TOTO CS945PDW11 kèm nắp rửa điện tử Washlet TCF4911Z"
"CS945",5743,"CS945PDW14#XW","Bồn cầu 2 khối TOTO CS945PDW14 kèm nắp rửa điện tử Washlet C5 TCF24410AAA"
"CS945",5742,"CS945PDW16#XW","Bồn cầu 2 khối TOTO CS945PDW16 kèm nắp rửa điện tử Washlet C2 TCF23410AAA"
"CS945",5689,"CS945PDW18#XW","Bồn cầu 2 khối TOTO CS945PDW18 kèm nắp rửa điện tử Washlet C2 TCF23710AAA"
,,,
"CS948",5853,"CS948CDW12#XW","Bồn cầu 2 khối TOTO CS948CDW12 kèm nắp rửa điện tử Washlet S7 TCF4911EZ giấu dây"
"CS948",5577,"CS948CDW15#XW","Bồn cầu 2 khối TOTO CS948CDW15 kèm nắp rửa điện tử Washlet C5 TCF24460AAA giấu dây"
"CS948",5633,"CS948CDW17#XW","Bồn cầu 2 khối TOTO CS948CDW17 kèm nắp rửa điện tử Washlet C2 TCF23460AAA giấu dây"
"CS948",5725,"CS948CDW23#XW","Bồn cầu 2 khối TOTO CS948CDW23 kèm nắp rửa điện tử Washlet S7 TCF47360GAA giấu dây"
"CS948",5567,"CS948DE2#XW","Bồn cầu 2 khối TOTO CS948DE2 kèm nắp rửa cơ Ecowasher TCW07S"
"CS948",1278,"CS948DE4#XW","Bồn cầu 2 khối TOTO CS948DE4 kèm nắp rửa cơ Ecowasher TCW1211A"
"CS948",5649,"CS948DT10#XW","Bồn cầu 2 khối TOTO CS948DT10 kèm nắp đóng êm TC395VS"
"CS948",5560,"CS948DT2#XW","Bồn cầu 2 khối TOTO CS948DT2 kèm nắp đóng êm TC393VS"
"CS948",5561,"CS948DT3#XW","Bồn cầu 2 khối TOTO CS948DT3 kèm nắp đóng êm TC385VS"
"CS948",5559,"CS948DT8#XW","Bồn cầu 2 khối TOTO CS948DT8 kèm nắp đóng êm TC600VS"
"CS948",5852,"CS948DW11#XW","Bồn cầu 2 khối TOTO CS948DW11 kèm nắp rửa điện tử Washlet S7 TCF4911Z"
"CS948",5578,"CS948DW14#XW","Bồn cầu 2 khối TOTO CS948DW14 kèm nắp rửa điện tử Washlet C5 TCF24410AAA"
"CS948",5632,"CS948DW16#XW","Bồn cầu 2 khối TOTO CS948DW16 kèm nắp rửa điện tử Washlet C2 TCF23410AAA"
"CS948",5700,"CS948DW18#XW","Bồn cầu 2 khối TOTO CS948DW18 kèm nắp rửa điện tử Washlet C2 TCF23710AAA"
,,,
"CS986",713,"CS986CGW12#XW","Bồn cầu 2 khối TOTO CS986CGW12 kèm nắp rửa điện tử Washlet S7 TCF4911EZ giấu dây"
"CS986",5584,"CS986CGW15#XW","Bồn cầu 2 khối TOTO CS986CGW15 kèm nắp rửa điện tử Washlet C5 TCF24460AAA giấu dây"
"CS986",5637,"CS986CGW17#XW","Bồn cầu 2 khối TOTO CS986CGW17 kèm nắp rửa điện tử Washlet C2 TCF23460AAA giấu dây"
"CS986",5727,"CS986CGW23#XW","Bồn cầu 2 khối TOTO CS986CGW23 kèm nắp rửa điện tử Washlet S7 TCF47360GAA giấu dây"
"CS986",5785,"CS986CGW24#XW","Bồn cầu 2 khối TOTO CS986CGW24 kèm nắp rửa điện tử Washlet S2 TCF33461GAA giấu dây"
"CS986",5781,"CS986CGW25#XW","Bồn cầu 2 khối TOTO CS986CGW25 kèm nắp rửa điện tử Washlet S5 TCF34461GAA giấu dây"
"CS986",715,"CS986GE2#XW","Bồn cầu 2 khối TOTO CS986GE2 kèm nắp rửa cơ Ecowasher TCW07S"
"CS986",714,"CS986GE4#XW","Bồn cầu 2 khối TOTO CS986GE4 kèm nắp rửa cơ Ecowasher TCW1211A"
"CS986",717,"CS986GT2#XW","Bồn cầu 2 khối TOTO CS986GT2 kèm nắp đóng êm TC393VS"
"CS986",718,"CS986GT3#XW","Bồn cầu 2 khối TOTO CS986GT3 kèm nắp đóng êm TC385VS"
"CS986",716,"CS986GT8#XW","Bồn cầu 2 khối TOTO CS986GT8 kèm nắp đóng êm TC600VS"
"CS986",5558,"CS986GT9#XW","Bồn cầu 2 khối TOTO CS986GT9 kèm nắp đóng êm TC507CVK"
"CS986",712,"CS986GW11#XW","Bồn cầu 2 khối TOTO CS986GW11 kèm nắp rửa điện tử Washlet S7 TCF4911Z"
"CS986",5580,"CS986GW14#XW","Bồn cầu 2 khối TOTO CS986GW14 kèm nắp rửa điện tử Washlet C5 TCF24410AAA"
"CS986",5628,"CS986GW16#XW","Bồn cầu 2 khối TOTO CS986GW16 kèm nắp rửa điện tử Washlet C2 TCF23410AAA"
"CS986",5730,"CS986GW18#XW","Bồn cầu 2 khối TOTO CS986GW18 kèm nắp rửa điện tử Washlet C2 TCF23710AAA"
"CS986",5817,"CS986GW24#XW","Bồn cầu 2 khối TOTO CS986GW24 kèm nắp rửa điện tử Washlet S2 TCF33461GAA"
"CS986",5811,"CS986GW25#XW","Bồn cầu 2 khối TOTO CS986GW25 kèm nắp rửa điện tử Washlet S5 TCF34461GAA"
,,,
"CS988",5865,"CS988PVT#NW1/TCF9575Z#NW1","Bồn cầu thông minh Neorest TOTO CS988PVT"
"CS988",694,"CS988VT#NW1/TCF9575Z#NW1/T53P100VR","Bồn cầu thông minh Neorest TOTO CS988VT kèm TCF9575Z (T53P100VR)"
,,,
"CS989",5592,"CS989VT#NW1/TCF9768WZ#NW1/T53P100VR","Bồn cầu thông minh Neorest TOTO CS989VT (T53P100VR)"
"CS989",693,"CS989VT#NW1/TCF9788WZ#NW1/T53P100VR","Bồn cầu thông minh Neorest TOTO CS989VT kèm TCF9788WZ (T53P100VR)"
,,,
"CW162",682,"CW162#XW","Bồn cầu treo tường TOTO CW162"
"CW162",5711,"CW162#XW/TC384CVK#W/WH172A/MB174P#WH","Bồn cầu treo tường TOTO CW162 kèm nắp đóng êm TC384CVK (WH172A, MB174PH)"
"CW162",5611,"CW162#XW/TC384CVK#W/WH172A/MB176G#WH","Bồn cầu treo tường TOTO CW162 kèm TC384CVK (WH172A, MB176G)"
,,,
"CW166",5848,"CW166RB#XW/TC384CVK#W/T53P100VR","Bồn cầu treo tường TOTO CW166RB kèm nắp đóng êm TC384CVK (T53P100VR)"
"CW166",5851,"CW166RB#XW/TCF33320GAA#NW1/T53P100VR","Bồn cầu treo tường TOTO CW166RB kèm nắp rửa điện tử Washlet S2 TCF33320GAA (T53P100VR)"
"CW166",5849,"CW166RB#XW/TCF34320GAA#NW1/T53P100VR","Bồn cầu treo tường TOTO CW166RB kèm nắp rửa điện tử Washlet S5 TCF34320GAA (T53P100VR)"
,,,
"CW425",1969,"CW425J#W","Bồn cầu đặt sàn TOTO CW425J"
,,,
"CW522",752,"CW522A#NW1/TC512A/WH172A/MB171M#SS","Bồn cầu treo tường TOTO CW522A kèm TC512A (WH172A, MB171M)"
"CW522",750,"CW522EA#NW1/TCF796CZ#NW1/WH172AT/MB171M#SS","Bồn cầu treo tường TOTO CW522EA kèm TCF796CZ (WH172AT, MB171M)"
"CW522",758,"CW522EA#NW1/TCF797C2Z#NW1/WH172AAT/MB171M#SS","Bồn cầu treo tường TOTO CW522EA kèm TCF797C2Z (WH172AAT, MB171M)"
"CW522",748,"CW522EA#NW1/TCF803CZ#NW1/WH172AT/MB171M#SS","Bồn cầu treo tường TOTO CW522EA kèm TCF803CZ (WH172AT, MB171M)"
"CW522",749,"CW522EA#NW1/TCF804C2Z#NW1/WH172AAT/MB171M#SS","Bồn cầu treo tường TOTO CW522EA kèm TCF804C2Z (WH172AAT, MB171M)"
,,,
"CW542",757,"CW542HME5U#NW1/TCF794CZ#NW1/WH172AT/MB175M#SS","Bồn cầu treo tường TOTO CW542HME5U kèm TCF794CZ (WH172AT, MB175M)"
"CW542",751,"CW542HME5U#NW1/TCF795C2Z#NW1/WH172AAT/MB175M#SS","Bồn cầu treo tường TOTO CW542HME5U kèm TCF795C2Z (WH172AAT, MB175M)"
"CW542",745,"CW542HME5U#NW1/TCF801CZ#NW1/WH172AT/MB175M#SS","Bồn cầu treo tường TOTO CW542HME5U kèm TCF801CZ (WH172AT, MB175M)"
"CW542",5614,"CW542HME5U#NW1/TCF802C2Z#NW1/WH172AAT/MB175M#SS","Bồn cầu treo tường TOTO CW542HME5U kèm nắp rửa điện tử Washlet TCF802C2Z giấu dây (WH172AAT, MB175M)"
"CW542",755,"CW542ME5U#NW1/TC513A/WH172A/MB175M#SS","Bồn cầu treo tường TOTO CW542ME5U kèm TC513A (WH172A, MB175M)"
,,,
"CW550",5855,"CW550#XW/TC393VS#W/HTS153S/TV150NSV6J","Bồn cầu treo tường TOTO CW550 kèm TC393VS"
,,,
"CW553",5716,"CW553#XW/TC384CVK#W/WH172A/MB170P#SS","Bồn cầu treo tường TOTO CW553 kèm TC384CVK (WH172A, MB170P)"
"CW553",5826,"CW553#XW/TC384CVK#W/WH172A/MB174P#SS","Bồn cầu treo tường TOTO CW553 kèm TC384CVK (WH172A, MB174P)"
"CW553",5672,"CW553#XW/TC384CVK#W/WH172A/MB175M#SS","Bồn cầu treo tường TOTO CW553 kèm TC384CVK (WH172A, MB175M)"
"CW553",5712,"CW553#XW/TCF33320GAA#NW1/WH172A/MB170P#SS","Bồn cầu treo tường TOTO CW553 kèm nắp rửa điện tử Washlet TCF33320GAA (WH172A, MB170P)"
"CW553",5736,"CW553#XW/TCF33320GAA#NW1/WH172A/MB174P#SS","Bồn cầu treo tường TOTO CW553 kèm nắp rửa điện tử Washlet TCF33320GAA (WH172A, MB174P)"
"CW553",5669,"CW553#XW/TCF33320GAA#NW1/WH172A/MB175M#SS","Bồn cầu treo tường TOTO CW553 kèm nắp rửa điện tử Washlet TCF33320GAA (WH172A, MB175M)"
"CW553",5713,"CW553#XW/TCF34320GAA#NW1/WH172A/MB170P#SS","Bồn cầu treo tường TOTO CW553 kèm nắp rửa điện tử Washlet TCF34320GAA (WH172A, MB170P)"
"CW553",5735,"CW553#XW/TCF34320GAA#NW1/WH172A/MB174P#SS","Bồn cầu treo tường TOTO CW553 kèm nắp rửa điện tử Washlet TCF34320GAA (WH172A, MB174P)"
"CW553",5670,"CW553#XW/TCF34320GAA#NW1/WH172A/MB175M#SS","Bồn cầu treo tường TOTO CW553 kèm nắp rửa điện tử Washlet TCF34320GAA (WH172A, MB175M)"
"CW553",5714,"CW553C#XW/TCF33370GAA#NW1/WH172AT/TCA465/MB170P#SS","Bồn cầu treo tường TOTO CW553C kèm nắp rửa điện tử Washlet TCF33370GAA giấu dây (WH172AT, TCA465, MB170P)"
"CW553",5761,"CW553C#XW/TCF33370GAA#NW1/WH172AT/TCA465/MB171M#SS","Bồn cầu treo tường TOTO CW553C kèm nắp rửa điện tử Washlet TCF33370GAA giấu dây (WH172AT, TCA465, MB171M)"
"CW553",5734,"CW553C#XW/TCF33370GAA#NW1/WH172AT/TCA465/MB174P#SS","Bồn cầu treo tường TOTO CW553C kèm nắp rửa điện tử Washlet TCF33370GAA giấu dây (WH172AT, TCA465, MB174P)"
"CW553",5671,"CW553C#XW/TCF33370GAA#NW1/WH172AT/TCA465/MB175M#SS","Bồn cầu treo tường TOTO CW553C kèm nắp rửa điện tử Washlet TCF33370GAA giấu dây (WH172AT, TCA465, MB175M)"
"CW553",5715,"CW553C#XW/TCF34570GAA#NW1/WH172AAT/TCA502/MB170P#SS","Bồn cầu treo tường TOTO CW553C kèm nắp rửa điện tử Washlet TCF34570GAA giấu dây (WH172AAT, TCA502, MB170P)"
"CW553",5762,"CW553C#XW/TCF34570GAA#NW1/WH172AAT/TCA502/MB171M#SS","Bồn cầu treo tường TOTO CW553C kèm nắp rửa điện tử Washlet TCF34570GAA giấu dây (WH172AAT, TCA502, MB171M)"
"CW553",5733,"CW553C#XW/TCF34570GAA#NW1/WH172AAT/TCA502/MB174P#SS","Bồn cầu treo tường TOTO CW553C kèm nắp rửa điện tử Washlet TCF34570GAA giấu dây (WH172AAT, TCA502, MB174P)"
"CW553",5668,"CW553C#XW/TCF34570GAA#NW1/WH172AAT/TCA502/MB175M#SS","Bồn cầu treo tường TOTO CW553C kèm nắp rửa điện tử Washlet TCF34570GAA giấu dây (WH172AAT, TCA502, MB175M)"
,,,
"CW668",5857,"CW668J#W","Bồn cầu treo tường TOTO CW668J kèm nắp đóng êm TC393VS"
,,,
"CW705",1968,"CW705ENJ#W","Bồn cầu đặt sàn TOTO CW705ENJ"
,,,
"CW762",680,"CW762#XW","Bồn cầu treo tường TOTO CW762"
"CW762",5763,"CW762#XW/TC384CVK#W/WH172A/MB170P#SS","Bồn cầu treo tường TOTO CW762 kèm TC384CVK (WH172A, MB170P)"
"CW762",695,"CW762#XW/TC384CVK#W/WH172A/MB176G#WH","Bồn cầu treo tường TOTO CW762 kèm TC384CVK (WH172A, MB176G)"
,,,
"CW812",5687,"CW812RA#W/TC811SJ#W/WH172A/MB174P#SS","Bồn cầu treo tường TOTO CW812RA#W/TC811SJ#W/WH172A/MB174P#SS Bàn cầu treo tường LP Series nắp êm TOTO CW812RA TC811SJ WH172A MB174P#SS"
"CW812",5610,"CW812RA#W/TC811SJ#W/WH172A/MB176G#WH","Bồn cầu treo tường TOTO CW812RA kèm TC811SJ (WH172A, MB176G)"
"CW812",5696,"CW812RA#W/TCF23410AAA#NW1/WH172A/MB174P#SS","Bồn cầu treo tường TOTO CW812RA#W/TCF23410AAA#NW1/WH172A/MB174P#SS Bàn cầu treo tường LP Series điện tử TOTO CW812RA TCF23410AAA WH172A MB174P#SS"
"CW812",5764,"CW812RA#W/TCF23410AAA#NW1/WH172A/MB174P#WH","Bồn cầu treo tường TOTO C2 kèm nắp rửa điện tử Washlet C2 TCF23410AAA (WH172A, MB174P)"
"CW812",5667,"CW812RA#W/TCF23410AAA#NW1/WH172A/MB176G#WH","Bồn cầu treo tường TOTO CW812RA kèm nắp rửa điện tử Washlet TCF23410AAA (WH172A, MB176GH)"
"CW812",5686,"CW812RA#W/TCF24410AAA#NW1/WH172A/MB174P#SS","Bồn cầu treo tường TOTO CW812RA#W/TCF24410AAA#NW1/WH172A/MB174P#SS Bàn cầu treo tường LP Series điện tử TOTO CW812RA TCF24410AAA WH172A MB174P#SS"
"CW812",5765,"CW812RA#W/TCF24410AAA#NW1/WH172A/MB174P#WH","Bồn cầu treo tường TOTO C5 kèm nắp rửa điện tử Washlet C5 TCF24410AAA (WH172A, MB174P)"
"CW812",5677,"CW812RA#W/TCF24410AAA#NW1/WH172A/MB176G#WH","Bồn cầu treo tường TOTO CW812RA kèm nắp rửa điện tử Washlet TCF24410AAA (WH172A, MB176GH)"
"CW812",5821,"CW812RA#W/TCF33461GAA#NW1/WH172A/MB174P#SS","Bồn cầu treo tường TOTO CW812RA kèm nắp rửa điện tử Washlet TCF33461GAA (WH172A, MB174P)"
"CW812",5797,"CW812RA#W/TCF33461GAA#NW1/WH172A/MB175M#SS","Bồn cầu treo tường TOTO CW812RA kèm nắp rửa điện tử Washlet TCF33461GAA (WH172A, MB175M)"
"CW812",5820,"CW812RA#W/TCF34461GAA#NW1/WH172A/MB174P#SS","Bồn cầu treo tường TOTO CW812RA kèm nắp rửa điện tử Washlet TCF34461GAA (WH172A, MB174P)"
"CW812",5798,"CW812RA#W/TCF34461GAA#NW1/WH172A/MB175M#SS","Bồn cầu treo tường TOTO CW812RA kèm nắp rửa điện tử Washlet TCF34461GAA (WH172A, MB175M)"
"CW812",5745,"CW812RA#W/TCF47360GAA#NW1/WH172A/MB174P#SS","Bồn cầu treo tường TOTO CW812RA kèm nắp rửa điện tử Washlet TCF47360GAA (WH172A, MB174P)"
"CW812",5738,"CW812RA#W/TCF4911Z#NW1/WH172A/MB170P#SS","Bồn cầu treo tường TOTO CW812RA kèm nắp rửa điện tử Washlet S7 TCF4911Z (WH172A, MB170P)"
"CW812",5708,"CW812RA#W/TCF4911Z#NW1/WH172A/MB174P#SS","Bồn cầu treo tường TOTO CW812RA kèm nắp rửa điện tử Washlet S7 TCF4911Z (WH172A, MB174P)"
"CW812",5615,"CW812RA#W/TCF4911Z#NW1/WH172A/MB176G#WH","Bồn cầu treo tường TOTO CW812RA kèm nắp rửa điện tử Washlet S7 TCF4911Z (WH172A, MB176GH)"
"CW812",5694,"CW812REA#W/TCF23460AAA#NW1/WH172AT/TCA465/MB174P#SS","Bồn cầu treo tường TOTO CW812REA kèm nắp rửa điện tử Washlet TCF23460AAA giấu dây (WH172AT, TCA465, MB174P)"
"CW812",5666,"CW812REA#W/TCF23460AAA#NW1/WH172AT/TCA465/MB176G#WH","Bồn cầu treo tường TOTO CW812REA kèm nắp rửa điện tử Washlet TCF23460AAA giấu dây (WH172AT, TCA465, MB176GH)"
"CW812",5766,"CW812REA#W/TCF24460AAA#NW1/WH172AT/TCA465/MB171M#SS","Bồn cầu treo tường TOTO C5 kèm nắp rửa điện tử Washlet C5 TCF24460AAA giấu dây (WH172AT, TCA465, MB171M)"
"CW812",5707,"CW812REA#W/TCF24460AAA#NW1/WH172AT/TCA465/MB174P#SS","Bồn cầu treo tường TOTO C5 kèm nắp rửa điện tử Washlet C5 TCF24460AAA giấu dây (WH172AT, TCA465, MB174P)"
"CW812",756,"CW812REA#W/TCF24460AAA#NW1/WH172AT/TCA465/MB176G#W","Bồn cầu treo tường TOTO CW812REA kèm TCF24460AAA (WH172AT, TCA465, MB176G)"
"CW812",5606,"CW812REA#W/TCF24460AAA#NW1/WH172AT/TCA465/MB176G#WH","Bồn cầu treo tường TOTO C5 kèm nắp rửa điện tử Washlet C5 TCF24460AAA giấu dây (WH172AT, TCA465, MB176GH)"
"CW812",5819,"CW812REA#W/TCF33461GAA#NW1/WH172AT/TCA465/MB174P#SS","Bồn cầu treo tường TOTO CW812REA kèm nắp rửa điện tử Washlet TCF33461GAA giấu dây (WH172AT, TCA465, MB174P)"
"CW812",5799,"CW812REA#W/TCF33461GAA#NW1/WH172AT/TCA465/MB175M#SS","Bồn cầu treo tường TOTO CW812REA kèm nắp rửa điện tử Washlet TCF33461GAA giấu dây (WH172AT, TCA465, MB175M)"
"CW812",5818,"CW812REA#W/TCF34461GAA#NW1/WH172AT/TCA465/MB174P#SS","Bồn cầu treo tường TOTO CW812REA kèm nắp rửa điện tử Washlet TCF34461GAA giấu dây (WH172AT, TCA465, MB174P)"
"CW812",5800,"CW812REA#W/TCF34461GAA#NW1/WH172AT/TCA465/MB175M#SS","Bồn cầu treo tường TOTO CW812REA kèm nắp rửa điện tử Washlet TCF34461GAA giấu dây (WH172AT, TCA465, MB175M)"
"CW812",5767,"CW812REA#W/TCF47360GAA#NW1/WH172AAT/TCA546/MB171M#SS","Bồn cầu treo tường TOTO CW812REA kèm nắp rửa điện tử Washlet S7 TCF47360GAA giấu dây (WH172AAT, TCA546, MB171M)"
"CW812",5744,"CW812REA#W/TCF47360GAA#NW1/WH172AAT/TCA546/MB174P#SS","Bồn cầu treo tường TOTO CW812REA kèm nắp rửa điện tử Washlet TCF47360GAA giấu dây (WH172AAT, TCA546, MB174P)"
"CW812",5737,"CW812REA#W/TCF47360GAA#NW1/WH172AAT/TCA546/MB175M#SS","Bồn cầu treo tường TOTO CW812REA kèm nắp rửa điện tử Washlet S7 TCF47360GAA giấu dây (WH172AAT, TCA546, MB175M)"
"CW812",5746,"CW812REA#W/TCF47360GAA#NW1/WH172AT/TCA465/MB174P#SS","Bồn cầu treo tường TOTO CW812REA kèm nắp rửa điện tử Washlet TCF47360GAA giấu dây (WH172AT, TCA465, MB174P)"
"CW812",5710,"CW812REA#W/TCF4911EZ#NW1/WH172AAT/TCA464/MB174P#SS","Bồn cầu treo tường TOTO CW812REA kèm nắp rửa điện tử Washlet S7 TCF4911EZ giấu dây (WH172AAT, TCA464, MB174P)"
"CW812",744,"CW812REA#W/TCF4911EZ#NW1/WH172AAT/TCA464/MB176G#WH","Bồn cầu treo tường TOTO CW812REA kèm TCF4911EZ (WH172AAT, TCA464, MB176G)"
"CW812",5709,"CW812REA#W/TCF4911EZ#NW1/WH172AT/TCA465/MB174P#SS","Bồn cầu treo tường TOTO CW812REA kèm nắp rửa điện tử Washlet S7 TCF4911EZ giấu dây (WH172AT, TCA465, MB174P)"
"CW812",5612,"CW812REA#W/TCF4911EZ#NW1/WH172AT/TCA465/MB176G#WH","Bồn cầu treo tường TOTO CW812REA kèm nắp rửa điện tử Washlet S7 TCF4911EZ giấu dây (WH172AT, TCA465, MB176GH)"
,,,
"CW822",5703,"CW822RA#W/TC385VS#W/WH172A/MB170P#SS","Bồn cầu treo tường TOTO CW822RA kèm TC385VS (WH172A, MB170P)"
"CW822",742,"CW822RA#W/TC385VS#W/WH172A/MB175M#SS","Bồn cầu treo tường TOTO CW822RA#W/TC385VS#W/WH172A/MB175M#SS Bồn cầu treo TOTO CW822RA kèm nắp TC385VS, khung treo WH172A, nút xả MB175M"
"CW822",5704,"CW822RA#W/TC600VS#W/WH172A/MB170P#SS","Bồn cầu treo tường TOTO CW822RA kèm TC600VS (WH172A, MB170P)"
"CW822",753,"CW822RA#W/TC600VS#W/WH172A/MB175M#SS","Bồn cầu treo tường TOTO CW822RA kèm TC600VS (WH172A, MB175M)"
"CW822",5697,"CW822RA#W/TCF23410AAA#NW1/WH172A/MB170P#SS","Bồn cầu treo tường TOTO C2 kèm nắp rửa điện tử Washlet C2 TCF23410AAA (WH172A, MB170P)"
"CW822",5679,"CW822RA#W/TCF23410AAA#NW1/WH172A/MB175M#SS","Bồn cầu treo tường TOTO CW822RA kèm nắp rửa điện tử Washlet TCF23410AAA (WH172A, MB175M)"
"CW822",5702,"CW822RA#W/TCF24410AAA#NW1/WH172A/MB170P#SS","Bồn cầu treo tường TOTO C5 kèm nắp rửa điện tử Washlet C5 TCF24410AAA (WH172A, MB170P)"
"CW822",746,"CW822RA#W/TCF24410AAA#NW1/WH172A/MB175M#SS","Bồn cầu treo tường TOTO CW822RA kèm TCF24410AAA (WH172A, MB175M)"
"CW822",5825,"CW822RA#W/TCF33461GAA#NW1/WH172A/MB170P#SS","Bồn cầu treo tường TOTO CW822RA kèm nắp rửa điện tử Washlet TCF33461GAA (WH172A, MB170P)"
"CW822",5828,"CW822RA#W/TCF33461GAA#NW1/WH172A/MB174P#SS","Bồn cầu treo tường TOTO CW822RA kèm nắp rửa điện tử Washlet TCF33461GAA (WH172A, MB174P)"
"CW822",5801,"CW822RA#W/TCF33461GAA#NW1/WH172A/MB175M#SS","Bồn cầu treo tường TOTO CW822RA kèm nắp rửa điện tử Washlet TCF33461GAA (WH172A, MB175M)"
"CW822",5824,"CW822RA#W/TCF34461GAA#NW1/WH172A/MB170P#SS","Bồn cầu treo tường TOTO CW822RA kèm nắp rửa điện tử Washlet TCF34461GAA (WH172A, MB170P)"
"CW822",5827,"CW822RA#W/TCF34461GAA#NW1/WH172A/MB174P#SS","Bồn cầu treo tường TOTO CW822RA kèm nắp rửa điện tử Washlet TCF34461GAA (WH172A, MB174P)"
"CW822",5802,"CW822RA#W/TCF34461GAA#NW1/WH172A/MB175M#SS","Bồn cầu treo tường TOTO CW822RA kèm nắp rửa điện tử Washlet TCF34461GAA (WH172A, MB175M)"
"CW822",5803,"CW822RA#W/TCF47360GAA#NW1/WH172A/MB175M#SS","Bồn cầu treo tường TOTO CW822RA kèm nắp rửa điện tử Washlet S7 TCF47360GAA (WH172A, MB175M)"
"CW822",5705,"CW822RA#W/TCF4911Z#NW1/WH172A/MB170P#SS","Bồn cầu treo tường TOTO CW822RA kèm nắp rửa điện tử Washlet S7 TCF4911Z (WH172A, MB170P)"
"CW822",5613,"CW822RA#W/TCF4911Z#NW1/WH172A/MB175M#SS","Bồn cầu treo tường TOTO CW822RA kèm nắp rửa điện tử Washlet S7 TCF4911Z (WH172A, MB175M)"
"CW822",5698,"CW822REA#W/TCF23460AAA#NW1/WH172AT/TCA465/MB170P#SS","Bồn cầu treo tường TOTO C2 kèm nắp rửa điện tử Washlet C2 TCF23460AAA giấu dây (WH172AT, TCA465, MB170P)"
"CW822",5680,"CW822REA#W/TCF23460AAA#NW1/WH172AT/TCA465/MB175M#SS","Bồn cầu treo tường TOTO CW822REA kèm nắp rửa điện tử Washlet TCF23460AAA giấu dây (WH172AT, TCA465, MB175M)"
"CW822",5699,"CW822REA#W/TCF24460AAA#NW1/WH172AT/TCA465/MB170P#SS","Bồn cầu treo tường TOTO C5 kèm nắp rửa điện tử Washlet C5 TCF24460AAA giấu dây (WH172AT, TCA465, MB170P)"
"CW822",754,"CW822REA#W/TCF24460AAA#NW1/WH172AT/TCA465/MB175M#S","Bồn cầu treo tường TOTO CW822REA kèm TCF24460AAA (WH172AT, TCA465, MB175M)"
"CW822",5604,"CW822REA#W/TCF24460AAA#NW1/WH172AT/TCA465/MB175M#SS","Bồn cầu treo tường TOTO C5 kèm nắp rửa điện tử Washlet C5 TCF24460AAA giấu dây (WH172AT, TCA465, MB175M)"
"CW822",5823,"CW822REA#W/TCF33461GAA#NW1/WH172AT/TCA465/MB170P#SS","Bồn cầu treo tường TOTO CW822REA kèm nắp rửa điện tử Washlet TCF33461GAA giấu dây (WH172AT, TCA465, MB170P)"
"CW822",5804,"CW822REA#W/TCF33461GAA#NW1/WH172AT/TCA465/MB175M#SS","Bồn cầu treo tường TOTO CW822REA kèm nắp rửa điện tử Washlet TCF33461GAA giấu dây (WH172AT, TCA465, MB175M)"
"CW822",5822,"CW822REA#W/TCF34461GAA#NW1/WH172AT/TCA465/MB170P#SS","Bồn cầu treo tường TOTO CW822REA kèm nắp rửa điện tử Washlet TCF34461GAA giấu dây (WH172AT, TCA465, MB170P)"
"CW822",5805,"CW822REA#W/TCF34461GAA#NW1/WH172AT/TCA465/MB175M#SS","Bồn cầu treo tường TOTO CW822REA kèm nắp rửa điện tử Washlet TCF34461GAA giấu dây (WH172AT, TCA465, MB175M)"
"CW822",5806,"CW822REA#W/TCF47360GAA#NW1/WH172AAT/TCA546/MB175M#SS","Bồn cầu treo tường TOTO CW822REA kèm nắp rửa điện tử Washlet S7 TCF47360GAA giấu dây (WH172AAT, TCA546, MB175M)"
"CW822",5807,"CW822REA#W/TCF47360GAA#NW1/WH172AT/TCA465/MB175M#SS","Bồn cầu treo tường TOTO CW822REA kèm nắp rửa điện tử Washlet S7 TCF47360GAA giấu dây (WH172AT, TCA465, MB175M)"
"CW822",5701,"CW822REA#W/TCF4911EZ#NW1/WH172AAT/TCA464/MB170P#SS","Bồn cầu treo tường TOTO CW822REA kèm nắp rửa điện tử Washlet S7 TCF4911EZ giấu dây (WH172AAT, TCA464, MB170P)"
"CW822",743,"CW822REA#W/TCF4911EZ#NW1/WH172AAT/TCA464/MB176G#WH","Bồn cầu treo tường TOTO CW822REA kèm TCF4911EZ (WH172AAT, TCA464, MB176G)"
"CW822",5706,"CW822REA#W/TCF4911EZ#NW1/WH172AT/TCA465/MB170P#SS","Bồn cầu treo tường TOTO CW822REA kèm nắp rửa điện tử Washlet S7 TCF4911EZ giấu dây (WH172AT, TCA465, MB170P)"
"CW822",747,"CW822REA#W/TCF4911EZ#NW1/WH172AT/TCA465/MB175M#SS","Bồn cầu treo tường TOTO CW822REA kèm TCF4911EZ (WH172AT, TCA465, MB175M)"
"CW822",5678,"CW822RFVA1#W/TC600VS#W/TREF35L2A/WH005A","Bồn cầu treo tường TOTO CW822RFVA1 kèm TC600VS (WH005A)"
,,,
"CW878",5776,"CW878BA#XW/TCF76311GAA#NW1/T53P100VR","Bồn cầu thông minh Neorest TOTO CW878BA (T53P100VR)"
,,,
"CW895",5856,"CW895JW/F#W","Bồn cầu treo tường TOTO CW895JW kèm nắp đóng êm TC880SJ"
,,,
"CW992",5599,"CW992VA#NW1/TCF992WA#NW1/T53P100VR","Bồn cầu thông minh Neorest TOTO CW992VA (T53P100VR)"
,,,
"CW993",5601,"CW993VA#NW1/TCF993WA#NW1/T53P100VR","Bồn cầu thông minh Neorest TOTO CW993VA (T53P100VR)"
,,,
"MS188",1277,"MS188VKE4#XW/T53P100VR","Bồn cầu 1 khối TOTO MS188VKE4 (T53P100VR)"
"MS188",5562,"MS188VKT2#XW/T53P100VR","Bồn cầu 1 khối TOTO MS188VKT2 kèm nắp đóng êm TC393VS (T53P100VR)"
"MS188",5563,"MS188VKT3#XW/T53P100VR","Bồn cầu 1 khối TOTO MS188VKT3 kèm nắp đóng êm TC385VS (T53P100VR)"
"MS188",5564,"MS188VKT8#XW/T53P100VR","Bồn cầu 1 khối TOTO MS188VKT8 kèm nắp đóng êm TC600VS (T53P100VR)"
"MS188",5858,"MS188VKW11#XW/T53P100VR","Bồn cầu 1 khối TOTO MS188VKW11 kèm nắp rửa điện tử Washlet S7 TCF4911Z (T53P100VR)"
"MS188",5620,"MS188VKW14#XW/T53P100VR","Bồn cầu 1 khối TOTO MS188VKW14 kèm nắp rửa điện tử Washlet C5 TCF24410AAA (T53P100VR)"
"MS188",5621,"MS188VKW16#XW/T53P100VR","Bồn cầu 1 khối TOTO MS188VKW16 kèm nắp rửa điện tử Washlet C2 TCF23410AAA (T53P100VR)"
"MS188",5723,"MS188VKW23#XW/T53P100VR","Bồn cầu 1 khối TOTO MS188VKW23 kèm nắp rửa điện tử Washlet S7 TCF47360GAA (T53P100VR)"
"MS188",5780,"MS188VKW24#XW/T53P100VR","Bồn cầu 1 khối TOTO MS188VKW24 kèm nắp rửa điện tử Washlet S2 TCF33461GAA (T53P100VR)"
"MS188",5779,"MS188VKW25#XW/T53P100VR","Bồn cầu 1 khối TOTO MS188VKW25 kèm nắp rửa điện tử Washlet S5 TCF34461GAA (T53P100VR)"
,,,
"MS625",5861,"MS625CDW12#XW","Bồn cầu 1 khối TOTO MS625CDW12 kèm nắp rửa điện tử Washlet S7 TCF4911EZ giấu dây"
"MS625",5660,"MS625CDW15#XW","Bồn cầu 1 khối TOTO MS625CDW15 kèm nắp rửa điện tử Washlet C5 TCF24460AAA giấu dây"
"MS625",5658,"MS625CDW17#XW","Bồn cầu 1 khối TOTO MS625CDW17 kèm nắp rửa điện tử Washlet C2 TCF23460AAA giấu dây"
"MS625",5718,"MS625CDW23#XW","Bồn cầu 1 khối TOTO MS625CDW23 kèm nắp rửa điện tử Washlet S7 TCF47360GAA giấu dây"
"MS625",5770,"MS625CDW24#XW","Bồn cầu 1 khối TOTO MS625CDW24 kèm nắp rửa điện tử Washlet S2 TCF33461GAA giấu dây"
"MS625",5768,"MS625CDW25#XW","Bồn cầu 1 khối TOTO MS625CDW25 kèm nắp rửa điện tử Washlet S5 TCF34461GAA giấu dây"
"MS625",5644,"MS625DE4#XW","Bồn cầu 1 khối TOTO MS625DE4 kèm nắp rửa cơ Ecowasher TCW1211A"
"MS625",5645,"MS625DT2#XW","Bồn cầu 1 khối TOTO MS625DT2 kèm nắp đóng êm TC393VS"
"MS625",5654,"MS625DT8#XW","Bồn cầu 1 khối TOTO MS625DT8 kèm nắp đóng êm TC600VS"
"MS625",5862,"MS625DW11#XW","Bồn cầu 1 khối TOTO MS625DW11 kèm nắp rửa điện tử Washlet S7 TCF4911Z"
"MS625",5661,"MS625DW14#XW","Bồn cầu 1 khối TOTO MS625DW14 kèm nắp rửa điện tử Washlet C5 TCF24410AAA"
"MS625",5659,"MS625DW16#XW","Bồn cầu 1 khối TOTO MS625DW16 kèm nắp rửa điện tử Washlet C2 TCF23410AAA"
"MS625",5792,"MS625DW24#XW","Bồn cầu 1 khối TOTO MS625DW24 kèm nắp rửa điện tử Washlet S2 TCF33461GAA"
"MS625",5812,"MS625DW25#XW","Bồn cầu 1 khối TOTO MS625DW25 kèm nắp rửa điện tử Washlet S5 TCF34461GAA"
,,,
"MS636",5850,"MS636CDRW12#XW","Bồn cầu 1 khối TOTO MS636CDRW12 kèm nắp rửa điện tử Washlet S7 TCF4911EZ giấu dây"
"MS636",5719,"MS636CDRW23#XW","Bồn cầu 1 khối TOTO MS636CDRW23 kèm nắp rửa điện tử Washlet S7 TCF47360GAA giấu dây"
"MS636",676,"MS636DT2#XW","Bồn cầu 1 khối TOTO MS636DT2 kèm nắp đóng êm TC393VS"
"MS636",683,"MS636DT8#XW","Bồn cầu 1 khối TOTO MS636DT8 kèm nắp đóng êm TC600VS"
,,,
"MS823",5860,"MS823CDRW12#XW","Bồn cầu 1 khối TOTO MS823CDRW12 kèm nắp rửa điện tử Washlet S7 TCF4911EZ giấu dây"
"MS823",5721,"MS823CDRW23#XW","Bồn cầu 1 khối TOTO MS823CDRW23 kèm nắp rửa điện tử Washlet S7 TCF47360GAA giấu dây"
"MS823",5641,"MS823DRE2#XW","Bồn cầu 1 khối TOTO MS823DRE2 kèm nắp rửa cơ Ecowasher TCW07S"
"MS823",5642,"MS823DRE4#XW","Bồn cầu 1 khối TOTO MS823DRE4 kèm nắp rửa cơ Ecowasher TCW1211A"
"MS823",5643,"MS823DRT2#XW","Bồn cầu 1 khối TOTO MS823DRT2 kèm nắp đóng êm TC393VS"
"MS823",5624,"MS823DRT8#XW","Bồn cầu 1 khối TOTO MS823DRT8 kèm nắp đóng êm TC600VS"
"MS823",5859,"MS823DRW11#XW","Bồn cầu 1 khối TOTO MS823DRW11 kèm nắp rửa điện tử Washlet S7 TCF4911Z"
,,,
"MS855",705,"MS855CDW12#XW","Bồn cầu 1 khối TOTO MS855CDW12 kèm nắp rửa điện tử Washlet S7 TCF4911EZ giấu dây"
"MS855",5570,"MS855CDW15#XW","Bồn cầu 1 khối TOTO MS855CDW15 kèm nắp rửa điện tử Washlet C5 TCF24460AAA giấu dây"
"MS855",5638,"MS855CDW17#XW","Bồn cầu 1 khối TOTO MS855CDW17 kèm nắp rửa điện tử Washlet C2 TCF23460AAA giấu dây"
"MS855",5720,"MS855CDW23#XW","Bồn cầu 1 khối TOTO MS855CDW23 kèm nắp rửa điện tử Washlet S7 TCF47360GAA giấu dây"
"MS855",706,"MS855DE2#XW","Bồn cầu 1 khối TOTO MS855DE2 kèm nắp rửa cơ Ecowasher TCW07S"
"MS855",707,"MS855DE4#XW","Bồn cầu 1 khối TOTO MS855DE4 kèm nắp rửa cơ Ecowasher TCW1211A"
"MS855",709,"MS855DT2#XW","Bồn cầu 1 khối TOTO MS855DT2 kèm nắp đóng êm TC393VS"
"MS855",708,"MS855DT3#XW","Bồn cầu 1 khối TOTO MS855DT3 kèm nắp đóng êm TC385VS"
"MS855",710,"MS855DT8#XW","Bồn cầu 1 khối TOTO MS855DT8 kèm nắp đóng êm TC600VS"
"MS855",704,"MS855DW11#XW","Bồn cầu 1 khối TOTO MS855DW11 kèm nắp rửa điện tử Washlet S7 TCF4911Z"
"MS855",5574,"MS855DW14#XW","Bồn cầu 1 khối TOTO MS855DW14 kèm nắp rửa điện tử Washlet C5 TCF24410AAA"
"MS855",5627,"MS855DW16#XW","Bồn cầu 1 khối TOTO MS855DW16 kèm nắp rửa điện tử Washlet C2 TCF23410AAA"
"MS855",5688,"MS855DW18#XW","Bồn cầu 1 khối TOTO MS855DW18 kèm nắp rửa điện tử Washlet C2 TCF23710AAA"
,,,
"MS857",5758,"MS857CDW15#XW","Bồn cầu 1 khối TOTO MS857CDW15 kèm nắp rửa điện tử Washlet C5 TCF24460AAA giấu dây"
"MS857",5755,"MS857CDW17#XW","Bồn cầu 1 khối TOTO MS857CDW17 kèm nắp rửa điện tử Washlet C2 TCF23460AAA giấu dây"
"MS857",5754,"MS857CDW23#XW","Bồn cầu 1 khối TOTO MS857CDW23 kèm nắp rửa điện tử Washlet S7 TCF47360GAA giấu dây"
"MS857",5774,"MS857CDW24#XW","Bồn cầu 1 khối TOTO MS857CDW24 kèm nắp rửa điện tử Washlet S2 TCF33461GAA giấu dây"
"MS857",5773,"MS857CDW25#XW","Bồn cầu 1 khối TOTO MS857CDW25 kèm nắp rửa điện tử Washlet S5 TCF34461GAA giấu dây"
"MS857",5753,"MS857DE4#XW","Bồn cầu 1 khối TOTO MS857DE4 kèm nắp rửa cơ Ecowasher TCW1211A"
"MS857",5752,"MS857DT10#XW","Bồn cầu 1 khối TOTO MS857DT10 kèm nắp đóng êm TC395VS"
"MS857",5751,"MS857DT2#XW","Bồn cầu 1 khối TOTO MS857DT2 kèm nắp đóng êm TC393VS"
"MS857",5760,"MS857DT3#XW","Bồn cầu 1 khối TOTO MS857DT3 kèm nắp đóng êm TC385VS"
"MS857",5750,"MS857DT8#XW","Bồn cầu 1 khối TOTO MS857DT8 kèm nắp đóng êm TC600VS"
"MS857",5759,"MS857DW14#XW","Bồn cầu 1 khối TOTO MS857DW14 kèm nắp rửa điện tử Washlet C5 TCF24410AAA"
"MS857",5756,"MS857DW16#XW","Bồn cầu 1 khối TOTO MS857DW16 kèm nắp rửa điện tử Washlet C2 TCF23410AAA"
"MS857",5757,"MS857DW18#XW","Bồn cầu 1 khối TOTO MS857DW18 kèm nắp rửa điện tử Washlet C2 TCF23710AAA"
"MS857",5793,"MS857DW24#XW","Bồn cầu 1 khối TOTO MS857DW24 kèm nắp rửa điện tử Washlet S2 TCF33461GAA"
"MS857",5813,"MS857DW25#XW","Bồn cầu 1 khối TOTO MS857DW25 kèm nắp rửa điện tử Washlet S5 TCF34461GAA"
,,,
"MS885",702,"MS885CDW12#XW","Bồn cầu 1 khối TOTO MS885CDW12 kèm nắp rửa điện tử Washlet S7 TCF4911EZ giấu dây"
"MS885",5579,"MS885CDW15#XW","Bồn cầu 1 khối TOTO MS885CDW15 kèm nắp rửa điện tử Washlet C5 TCF24460AAA giấu dây"
"MS885",5622,"MS885CDW17#XW","Bồn cầu 1 khối TOTO MS885CDW17 kèm nắp rửa điện tử Washlet C2 TCF23460AAA giấu dây"
"MS885",5724,"MS885CDW23#XW","Bồn cầu 1 khối TOTO MS885CDW23 kèm nắp rửa điện tử Washlet S7 TCF47360GAA giấu dây"
"MS885",5772,"MS885CDW24#XW","Bồn cầu 1 khối TOTO MS885CDW24 kèm nắp rửa điện tử Washlet S2 TCF33461GAA giấu dây"
"MS885",5771,"MS885CDW25#XW","Bồn cầu 1 khối TOTO MS885CDW25 kèm nắp rửa điện tử Washlet S5 TCF34461GAA giấu dây"
"MS885",701,"MS885DE2#XW","Bồn cầu 1 khối TOTO MS885DE2 kèm nắp rửa cơ Ecowasher TCW07S"
"MS885",700,"MS885DE4#XW","Bồn cầu 1 khối TOTO MS885DE4 kèm nắp rửa cơ Ecowasher TCW1211A"
"MS885",697,"MS885DT2#XW","Bồn cầu 1 khối TOTO MS885DT2 kèm nắp đóng êm TC393VS"
"MS885",699,"MS885DT3#XW","Bồn cầu 1 khối TOTO MS885DT3 kèm nắp đóng êm TC385VS"
"MS885",698,"MS885DT8#XW","Bồn cầu 1 khối TOTO MS885DT8 kèm nắp đóng êm TC600VS"
"MS885",703,"MS885DW11#XW","Bồn cầu 1 khối TOTO MS885DW11 kèm nắp rửa điện tử Washlet S7 TCF4911Z"
"MS885",5571,"MS885DW14#XW","Bồn cầu 1 khối TOTO MS885DW14 kèm nắp rửa điện tử Washlet C5 TCF24410AAA"
"MS885",5626,"MS885DW16#XW","Bồn cầu 1 khối TOTO MS885DW16 kèm nắp rửa điện tử Washlet C2 TCF23410AAA"
"MS885",5749,"MS885DW18#XW","Bồn cầu 1 khối TOTO MS885DW18 kèm nắp rửa điện tử Washlet C2 TCF23710AAA"
"MS885",5794,"MS885DW24#XW","Bồn cầu 1 khối TOTO MS885DW24 kèm nắp rửa điện tử Washlet S2 TCF33461GAA"
"MS885",5814,"MS885DW25#XW","Bồn cầu 1 khối TOTO MS885DW25 kèm nắp rửa điện tử Washlet S5 TCF34461GAA"
,,,
"MS887",711,"MS887CRW12#XW","Bồn cầu 1 khối TOTO MS887CRW12 kèm nắp rửa điện tử Washlet S7 TCF4911EZ giấu dây"
"MS887",5569,"MS887CRW15#XW","Bồn cầu 1 khối TOTO MS887CRW15 kèm nắp rửa điện tử Washlet C5 TCF24460AAA giấu dây"
"MS887",5639,"MS887CRW17#XW","Bồn cầu 1 khối TOTO MS887CRW17 kèm nắp rửa điện tử Washlet C2 TCF23460AAA giấu dây"
"MS887",5722,"MS887CRW23#XW","Bồn cầu 1 khối TOTO MS887CRW23 kèm nắp rửa điện tử Washlet S7 TCF47360GAA giấu dây"
"MS887",5778,"MS887CRW24#XW","Bồn cầu 1 khối TOTO MS887CRW24 kèm nắp rửa điện tử Washlet S2 TCF33461GAA giấu dây"
"MS887",5777,"MS887CRW25#XW","Bồn cầu 1 khối TOTO MS887CRW25 kèm nắp rửa điện tử Washlet S5 TCF34461GAA giấu dây"
"MS887",1273,"MS887RE2#XW","Bồn cầu 1 khối TOTO MS887RE2 kèm nắp rửa cơ Ecowasher TCW07S"
"MS887",1272,"MS887RE4#XW","Bồn cầu 1 khối TOTO MS887RE4 kèm nắp rửa cơ Ecowasher TCW1211A"
"MS887",5546,"MS887RT2#XW","Bồn cầu 1 khối TOTO MS887RT2 kèm nắp đóng êm TC393VS"
"MS887",5547,"MS887RT3#XW","Bồn cầu 1 khối TOTO MS887RT3 kèm nắp đóng êm TC385VS"
"MS887",5545,"MS887RT8#XW","Bồn cầu 1 khối TOTO MS887RT8 kèm nắp đóng êm TC600VS"
"MS887",1247,"MS887RW11#XW","Bồn cầu 1 khối TOTO MS887RW11 kèm nắp rửa điện tử Washlet S7 TCF4911Z"
"MS887",5573,"MS887RW14#XW","Bồn cầu 1 khối TOTO MS887RW14 kèm nắp rửa điện tử Washlet C5 TCF24410AAA"
"MS887",5625,"MS887RW16#XW","Bồn cầu 1 khối TOTO MS887RW16 kèm nắp rửa điện tử Washlet C2 TCF23410AAA"
"MS887",5795,"MS887RW24#XW","Bồn cầu 1 khối TOTO MS887RW24 kèm nắp rửa điện tử Washlet S2 TCF33461GAA"
"MS887",5815,"MS887RW25#XW","Bồn cầu 1 khối TOTO MS887RW25 kèm nắp rửa điện tử Washlet S5 TCF34461GAA"
,,,
"MS889",1244,"MS889CDRW12#XW","Bồn cầu 1 khối TOTO MS889CDRW12 kèm nắp rửa điện tử Washlet S7 TCF4911EZ giấu dây"
"MS889",5572,"MS889CDRW15#XW","Bồn cầu 1 khối TOTO MS889CDRW15 kèm nắp rửa điện tử Washlet C5 TCF24460AAA giấu dây"
"MS889",5640,"MS889CDRW17#XW","Bồn cầu 1 khối TOTO MS889CDRW17 kèm nắp rửa điện tử Washlet C2 TCF23460AAA giấu dây"
"MS889",5717,"MS889CDRW23#XW","Bồn cầu 1 khối TOTO MS889CDRW23 kèm nắp rửa điện tử Washlet S7 TCF47360GAA giấu dây"
"MS889",5775,"MS889CDRW24#XW","Bồn cầu 1 khối TOTO MS889CDRW24 kèm nắp rửa điện tử Washlet S2 TCF33461GAA giấu dây"
"MS889",5769,"MS889CDRW25#XW","Bồn cầu 1 khối TOTO MS889CDRW25 kèm nắp rửa điện tử Washlet S5 TCF34461GAA giấu dây"
"MS889",1271,"MS889DRE2#XW","Bồn cầu 1 khối TOTO MS889DRE2 kèm nắp rửa cơ Ecowasher TCW07S"
"MS889",1270,"MS889DRE4#XW","Bồn cầu 1 khối TOTO MS889DRE4 kèm nắp rửa cơ Ecowasher TCW1211A"
"MS889",5543,"MS889DRT2#XW","Bồn cầu 1 khối TOTO MS889DRT2 kèm nắp đóng êm TC393VS"
"MS889",5544,"MS889DRT3#XW","Bồn cầu 1 khối TOTO MS889DRT3 kèm nắp đóng êm TC385VS"
"MS889",5542,"MS889DRT8#XW","Bồn cầu 1 khối TOTO MS889DRT8 kèm nắp đóng êm TC600VS"
"MS889",1246,"MS889DRW11#XW","Bồn cầu 1 khối TOTO MS889DRW11 kèm nắp rửa điện tử Washlet S7 TCF4911Z"
"MS889",1251,"MS889DRW14#XW","Bồn cầu 1 khối TOTO MS889DRW14 kèm nắp rửa điện tử Washlet C5 TCF24410AAA"
"MS889",5623,"MS889DRW16#XW","Bồn cầu 1 khối TOTO MS889DRW16 kèm nắp rửa điện tử Washlet C2 TCF23410AAA"
"MS889",5796,"MS889DRW24#XW","Bồn cầu 1 khối TOTO MS889DRW24 kèm nắp rửa điện tử Washlet S2 TCF33461GAA"
"MS889",5816,"MS889DRW25#XW","Bồn cầu 1 khối TOTO MS889DRW25 kèm nắp rửa điện tử Washlet S5 TCF34461GAA"